id,name,surname,age
1,Miriam,Mccoy,79
2,Jolie,Santiago,30
3,Madonna,Moran,45
4,Delilah,Howe,63
5,Burton,Briggs,61
6,Keely,Glenn,55
7,Dara,Herrera,66
8,Quinn,Gamble,28
9,Leslie,Weeks,34
10,Penelope,Weiss,64
11,Zane,Wilkinson,43
12,Brock,Levine,44
13,Bruce,Pittman,67
14,Chancellor,Whitaker,15
15,Joshua,Jennings,17
16,Hamilton,Waller,19
17,Martin,Simpson,22
18,Hilel,Johnston,33
19,Leroy,Flynn,26
20,Keiko,Noble,70
21,Sybil,Perez,72
22,Tallulah,Ross,33
23,Arden,Joseph,60
24,Jasper,Stone,77
25,Axel,Wall,29
26,Xanthus,Jacobson,47
27,Madonna,Patterson,29
28,Melodie,Rosales,42
29,Elliott,Garcia,61
30,Berk,Erickson,38
31,Gregory,Hicks,28
32,Cheryl,Kline,72
33,Lael,Buchanan,37
34,Charissa,Battle,34
35,Tanisha,Morin,76
36,Erica,Carr,51
37,Hammett,Hatfield,25
38,Jonas,Mason,70
39,Dylan,Miranda,76
40,Howard,Garner,57
41,Lana,Hernandez,58
42,Alma,Barnett,37
43,Vera,Lopez,49
44,Madison,Page,59
45,Mary,Jacobs,67
46,Grant,Steele,40
47,Naomi,Walters,60
48,Fatima,Lucas,19
49,Allistair,Bell,31
50,Nicholas,Hatfield,57
51,Mona,Lawson,15
52,Jamal,Cantrell,35
53,Daquan,Boyer,27
54,Kiayada,Campbell,49
55,Herman,Hinton,39
56,Lucian,Lawson,61
57,Kendall,Hendricks,84
58,Channing,Burris,79
59,Stella,Cervantes,69
60,Kyle,Bird,29
61,Porter,Bowen,77
62,Orson,Nolan,85
63,Yoko,Simon,36
64,Justine,Jacobs,50
65,Olga,Gonzalez,70
66,Hyatt,Gilbert,58
67,Rhonda,Tran,52
68,Brody,Estrada,75
69,Zahir,Sullivan,72
70,Vaughan,Carr,47
71,Isaac,Nixon,48
72,Hayley,Key,33
73,Tanner,Hickman,62
74,Eaton,Sweet,57
75,Caleb,Price,49
76,Salvador,Rodriquez,73
77,Upton,Floyd,85
78,Malcolm,Phillips,39
79,Gemma,Estrada,20
80,Alika,Cotton,70
81,Brittany,Buck,56
82,Xerxes,Avery,35
83,Ignatius,Melendez,51
84,Penelope,Short,38
85,Julian,Best,46
86,Pearl,White,16
87,Olga,Holland,15
88,Graiden,Wagner,20
89,Sasha,Vance,17
90,Rhiannon,Harding,53
91,Kelsie,Sloan,73
92,Wyoming,Merrill,66
93,Michael,Green,41
94,Shay,Hoover,67
95,Wallace,Cleveland,50
96,Tiger,Chan,72
97,Sylvester,Scott,33
98,Lance,Aguilar,79
99,Odysseus,Mccullough,75
100,Cain,Hancock,21